type,mean,median,min,max
member,38.927044,35.45837,2.376723,192.8126
non_member,39.413914,35.94655,2.2099473,191.31212
