epoch,n_rep,n_members,auc_ratio,auc_log_ratio,auc_target_ppl,member_target_ppl_mean,nonmember_target_ppl_mean,member_ratio_mean,nonmember_ratio_mean
3,1,200,0.979475,0.980825,0.6167,11.057061267499998,14.449863473,0.37505701147,1.275557110375
3,10,200,0.9818250000000001,0.9815375,0.600475,11.546688345,14.449863473,0.362452281705,1.275557110375
3,100,200,0.9805875000000001,0.9810625,0.607125,11.2747053695,14.449863473,0.36959346609500004,1.275557110375
3,1000,200,0.9825625,0.9827625,0.6298999999999999,10.700134662999998,14.449863473,0.350961730495,1.275557110375
10,1,200,0.993675,0.995625,0.9722124999999999,3.7950668284999995,45.95355108399999,0.160642420115,3.6913630211100004
10,10,200,0.9935125,0.9952375,0.9753624999999999,3.552687178,45.95355108399999,0.154274086815,3.6913630211100004
10,100,200,0.9935125,0.9949874999999999,0.9746124999999999,3.606093194,45.95355108399999,0.16163323448,3.6913630211100004
10,1000,200,0.9931624999999998,0.9944124999999999,0.9787000000000001,3.3882654949999993,45.95355108399999,0.157527836935,3.6913630211100004
