epoch,auc_ratio,auc_log_ratio,auc_target_ppl,member_target_ppl,nonmember_target_ppl,member_ratio,nonmember_ratio
1,0.7952539062499999,0.7903554687500001,0.65187890625,28.590822,41.30623,0.8000388,1.1020269
3,0.99121328125,0.99269296875,0.8984468750000001,11.144306,52.132618,0.3644555,1.3483365
5,0.9975859375,0.99803671875,0.9737296875,5.5173316,100.9683,0.21191725,2.429908
10,0.99835390625,0.9987179687500001,0.9937734375,3.5870447,320.3795,0.15854271,6.9885654
