model,mean_ppl,median_ppl,min_ppl,max_ppl
base,1.1103586554527283,1.1036956906318665,1.1011713743209839,1.1328718662261963
epoch1,1.074194222688675,1.0684102177619934,1.055823802947998,1.1041326522827148
epoch3,1.094459354877472,1.0857810378074646,1.0752688646316528,1.1310064792633057
epoch5,1.1065153181552887,1.1029763221740723,1.0740227699279785,1.1460858583450317
epoch10,1.1110821068286896,1.1103122234344482,1.0690522193908691,1.1546517610549927
